;;;;;;;;;;16394;;;;;;;;;;;16405;;;;;;;;;;
;;;;;;;;;;16426;;;;;;;;;;;16437;;;;;;;;;;
;;;;;;;;;;16458;;;;;;;;;;;16469;;;;;;;;;;
;;;;16484;16485;;;;;16490;;;;;16495;16496;;;;;16501;;;;;16506;16507;;;;
;;;;16516;16517;;;;;16522;;;;;16527;16528;;;;;16533;;;;;16538;16539;;;;
;;;;16548;16549;;;;;16554;;;;;16559;16560;;;;;16565;;;;;16570;16571;;;;
;;;;16580;16581;;;;;16586;;;;;16591;16592;;;;;16597;;;;;16602;16603;;;;
;;;;16612;16613;;;;;16618;;;;;16623;16624;;;;;16629;;;;;16634;16635;;;;
;;;;16644;16645;;;;;16650;;;;;16655;16656;;;;;16661;;;;;16666;16667;;;;
;;;;16676;16677;;;;;16682;;;;;16687;16688;;;;;16693;;;;;16698;16699;;;;
;;;;16708;16709;;;;;16714;;;;;16719;16720;;;;;16725;;;;;16730;16731;;;;
;;;;16740;16741;;;;;16746;;;;;16751;16752;;;;;16757;;;;;16762;16763;;;;
;;;;16772;16773;;;;;16778;;;;;16783;16784;;;;;16789;;;;;16794;16795;;;;
;;;;16804;16805;;;;;16810;;;;;16815;16816;;;;;16821;;;;;16826;16827;;;;
;;;;16836;16837;;;;;16842;;;;;16847;16848;;;;;16853;;;;;16858;16859;;;;
;;;;16868;16869;;;;;16874;;;;;16879;16880;;;;;16885;;;;;16890;16891;;;;
;;;;16900;16901;;;;;16906;;;;;16911;16912;;;;;16917;;;;;16922;16923;;;;
;;;;16932;16933;;;;;16938;;;;;16943;16944;;;;;16949;;;;;16954;16955;;;;
;;16962;16963;16964;16965;16965;16965;;;16970;;;16973;16974;16975;16976;16976;16976;;;16981;;;16984;16985;16986;16987;16987;16987;;
;;16994;16995;16996;16997;16997;16997;;;17002;;;17005;17006;17007;17008;17008;17008;;;17013;;;17016;17017;17018;17019;17019;17019;;
;;;;17028;17029;;;;;17034;;;;;17039;17040;;;;;17045;;;;;17050;17051;;;;
;;;;17060;17061;;;;;17066;;;;;17071;17072;;;;;17077;;;;;17082;17083;;;;
;;;;17092;17093;;;;;17098;;;;;17103;17104;;;;;17109;;;;;17114;17115;;;;
;;;;17124;17125;;;;;17130;;;;;17135;17136;;;;;17141;;;;;17146;17147;;;;
;;;;17156;17157;;;;;17162;;;;;17167;17168;;;;;17173;;;;;17178;17179;;;;
;;;;17188;17189;;;;;17194;;;;;17199;17200;;;;;17205;;;;;17210;17211;;;;
;;;;17220;17221;;;;;17226;;;;;17231;17232;;;;;17237;;;;;17242;17243;;;;
;;;;17252;17253;;;;;17258;;;;;17263;17264;;;;;17269;;;;;17274;17275;;;;
;;;;17284;17285;;;;;17290;;;;;17295;17296;;;;;17301;;;;;17306;17307;;;;
;;;;17316;17317;;;;;17322;;;;;17327;17328;;;;;17333;;;;;17338;17339;;;;
;;;;17348;17349;;;;;17354;;;;;17359;17360;;;;;17365;;;;;17370;17371;;;;
;;;;17380;17381;;;;;17386;;;;;17391;17392;;;;;17397;;;;;17402;17403;;;;
;;;;17412;17413;;;;;17418;;;;;17423;17424;;;;;17429;;;;;17434;17435;;;;
;;;;17444;17445;;;;;17450;;;;;17455;17456;;;;;17461;;;;;17466;17467;;;;
;;;;17476;17477;;;;;17482;;;;;17487;17488;;;;;17493;;;;;17498;17499;;;;
;;;;;;;;;;17514;;;;;;;;;;;17525;;;;;;;;;;
;;;;;;;;;;17546;;;;;;;;;;;17557;;;;;;;;;;
;;;;;;;;;;17578;;;;;;;;;;;17589;;;;;;;;;;
;;;;;;;;;;17610;;;;;;;;;;;17621;;;;;;;;;;
;;;;;;;;;;17642;;;;;;;;;;;17653;;;;;;;;;;
17664;17665;17666;17667;17668;17669;17670;17671;17672;17673;17674;17675;17676;17677;17678;17679;17680;17681;17682;17683;17684;17685;17686;17687;17688;17689;17690;17691;17692;17693;17694;17695
17696;17697;17698;17699;17700;17701;17702;17703;17704;17705;17706;17707;17708;17709;17710;17711;17712;17713;17714;17715;17716;17717;17718;17719;17720;17721;17722;17723;17724;17725;17726;17727
17728;17729;17730;17731;17732;17733;17734;17735;17736;17737;17738;17739;17740;17741;17742;17743;17744;17745;17746;17747;17748;17749;17750;17751;17752;17753;17754;17755;17756;17757;17758;17759
;;;;;;;;;;17770;;;;;;;;;;;17781;;;;;;;;;;
;;;;;;;;;;17802;;;;;;;;;;;17813;;;;;;;;;;
;;;;;;;;;;17834;;;;;;;;;;;17845;;;;;;;;;;
;;;;17860;17861;;;;;17866;;;;;17871;17872;;;;;17877;;;;;17882;17883;;;;
;;;;17892;17893;;;;;17898;;;;;17903;17904;;;;;17909;;;;;17914;17915;;;;
;;;;17924;17925;;;;;17930;;;;;17935;17936;;;;;17941;;;;;17946;17947;;;;
;;;;17956;17957;;;;;17962;;;;;17967;17968;;;;;17973;;;;;17978;17979;;;;
;;;;17988;17989;;;;;17994;;;;;17999;18000;;;;;18005;;;;;18010;18011;;;;
;;;;18020;18021;;;;;18026;;;;;18031;18032;;;;;18037;;;;;18042;18043;;;;
;;;;18052;18053;;;;;18058;;;;;18063;18064;;;;;18069;;;;;18074;18075;;;;
;;;;18084;18085;;;;;18090;;;;;18095;18096;;;;;18101;;;;;18106;18107;;;;
;;;;18116;18117;;;;;18122;;;;;18127;18128;;;;;18133;;;;;18138;18139;;;;
;;;;18148;18149;;;;;18154;;;;;18159;18160;;;;;18165;;;;;18170;18171;;;;
;;;;18180;18181;;;;;18186;;;;;18191;18192;;;;;18197;;;;;18202;18203;;;;
;;;;18212;18213;;;;;18218;;;;;18223;18224;;;;;18229;;;;;18234;18235;;;;
;;;;18244;18245;;;;;18250;;;;;18255;18256;;;;;18261;;;;;18266;18267;;;;
;;;;18276;18277;;;;;18282;;;;;18287;18288;;;;;18293;;;;;18298;18299;;;;
;;;;18308;18309;;;;;18314;;;;;18319;18320;;;;;18325;;;;;18330;18331;;;;
;;;;18340;18341;;;;;18346;;;;;18351;18352;;;;;18357;;;;;18362;18363;;;;
;;18370;18371;18372;18373;18373;18373;;;18378;;;18381;18382;18383;18384;18384;18384;;;18389;;;18392;18393;18394;18395;18395;18395;;
;;18402;18403;18404;18405;18405;18405;;;18410;;;18413;18414;18415;18416;18416;18416;;;18421;;;18424;18425;18426;18427;18427;18427;;
;;;;18436;18437;;;;;18442;;;;;18447;18448;;;;;18453;;;;;18458;18459;;;;
;;;;18468;18469;;;;;18474;;;;;18479;18480;;;;;18485;;;;;18490;18491;;;;
;;;;18500;18501;;;;;18506;;;;;18511;18512;;;;;18517;;;;;18522;18523;;;;
;;;;18532;18533;;;;;18538;;;;;18543;18544;;;;;18549;;;;;18554;18555;;;;
;;;;18564;18565;;;;;18570;;;;;18575;18576;;;;;18581;;;;;18586;18587;;;;
;;;;18596;18597;;;;;18602;;;;;18607;18608;;;;;18613;;;;;18618;18619;;;;
;;;;18628;18629;;;;;18634;;;;;18639;18640;;;;;18645;;;;;18650;18651;;;;
;;;;18660;18661;;;;;18666;;;;;18671;18672;;;;;18677;;;;;18682;18683;;;;
;;;;18692;18693;;;;;18698;;;;;18703;18704;;;;;18709;;;;;18714;18715;;;;
;;;;18724;18725;;;;;18730;;;;;18735;18736;;;;;18741;;;;;18746;18747;;;;
;;;;18756;18757;;;;;18762;;;;;18767;18768;;;;;18773;;;;;18778;18779;;;;
;;;;18788;18789;;;;;18794;;;;;18799;18800;;;;;18805;;;;;18810;18811;;;;
;;;;18820;18821;;;;;18826;;;;;18831;18832;;;;;18837;;;;;18842;18843;;;;
;;;;18852;18853;;;;;18858;;;;;18863;18864;;;;;18869;;;;;18874;18875;;;;
;;;;;;;;;;18890;;;;;;;;;;;18901;;;;;;;;;;
;;;;;;;;;;18922;;;;;;;;;;;18933;;;;;;;;;;
;;;;;;;;;;18954;;;;;;;;;;;18965;;;;;;;;;;
;;;;;;;;;;18986;;;;;;;;;;;18997;;;;;;;;;;
;;;;;;;;;;19018;;;;;;;;;;;19029;;;;;;;;;;
19040;19041;19042;19043;19044;19045;19046;19047;19048;19049;19050;19051;19052;19053;19054;19055;19056;19057;19058;19059;19060;19061;19062;19063;19064;19065;19066;19067;19068;19069;19070;19071
19072;19073;19074;19075;19076;19077;19078;19079;19080;19081;19082;19083;19084;19085;19086;19087;19088;19089;19090;19091;19092;19093;19094;19095;19096;19097;19098;19099;19100;19101;19102;19103
19104;19105;19106;19107;19108;19109;19110;19111;19112;19113;19114;19115;19116;19117;19118;19119;19120;19121;19122;19123;19124;19125;19126;19127;19128;19129;19130;19131;19132;19133;19134;19135
;;;;;;;;;;19146;;;;;;;;;;;19157;;;;;;;;;;
;;;;;;;;;;19178;;;;;;;;;;;19189;;;;;;;;;;
;;;;;;;;;;19210;;;;;;;;;;;19221;;;;;;;;;;
;;;;;;;;;;19242;;;;;;;;;;;19253;;;;;;;;;;
;;;;19268;19269;;;;;19274;;;;;19279;19280;;;;;19285;;;;;19290;19291;;;;
;;;;19300;19301;;;;;19306;;;;;19311;19312;;;;;19317;;;;;19322;19323;;;;
;;;;19332;19333;;;;;19338;;;;;19343;19344;;;;;19349;;;;;19354;19355;;;;
;;;;19364;19365;;;;;19370;;;;;19375;19376;;;;;19381;;;;;19386;19387;;;;
;;;;19396;19397;;;;;19402;;;;;19407;19408;;;;;19413;;;;;19418;19419;;;;
;;;;19428;19429;;;;;19434;;;;;19439;19440;;;;;19445;;;;;19450;19451;;;;
;;;;19460;19461;;;;;19466;;;;;19471;19472;;;;;19477;;;;;19482;19483;;;;
;;;;19492;19493;;;;;19498;;;;;19503;19504;;;;;19509;;;;;19514;19515;;;;
;;;;19524;19525;;;;;19530;;;;;19535;19536;;;;;19541;;;;;19546;19547;;;;
;;;;19556;19557;;;;;19562;;;;;19567;19568;;;;;19573;;;;;19578;19579;;;;
;;;;19588;19589;;;;;19594;;;;;19599;19600;;;;;19605;;;;;19610;19611;;;;
;;;;19620;19621;;;;;19626;;;;;19631;19632;;;;;19637;;;;;19642;19643;;;;
;;;;19652;19653;;;;;19658;;;;;19663;19664;;;;;19669;;;;;19674;19675;;;;
;;;;19684;19685;;;;;19690;;;;;19695;19696;;;;;19701;;;;;19706;19707;;;;
;;;;19716;19717;;;;;19722;;;;;19727;19728;;;;;19733;;;;;19738;19739;;;;
;;;;19748;19749;;;;;19754;;;;;19759;19760;;;;;19765;;;;;19770;19771;;;;
;;;;19780;19781;;;;;19786;;;;;19791;19792;;;;;19797;;;;;19802;19803;;;;
;;;;19812;19813;;;;;19818;;;;;19823;19824;;;;;19829;;;;;19834;19835;;;;
;;;;19844;19845;;;;;19850;;;;;19855;19856;;;;;19861;;;;;19866;19867;;;;
;;19874;19875;19876;19877;19877;19877;;;19882;;;19885;19886;19887;19888;19888;19888;;;19893;;;19896;19897;19898;19899;19899;19899;;
;;19906;19907;19908;19909;19909;19909;;;19914;;;19917;19918;19919;19920;19920;19920;;;19925;;;19928;19929;19930;19931;19931;19931;;
;;;;19940;19941;;;;;19946;;;;;19951;19952;;;;;19957;;;;;19962;19963;;;;
;;;;19972;19973;;;;;19978;;;;;19983;19984;;;;;19989;;;;;19994;19995;;;;
;;;;20004;20005;;;;;20010;;;;;20015;20016;;;;;20021;;;;;20026;20027;;;;
;;;;20036;20037;;;;;20042;;;;;20047;20048;;;;;20053;;;;;20058;20059;;;;
;;;;20068;20069;;;;;20074;;;;;20079;20080;;;;;20085;;;;;20090;20091;;;;
;;;;20100;20101;;;;;20106;;;;;20111;20112;;;;;20117;;;;;20122;20123;;;;
;;;;20132;20133;;;;;20138;;;;;20143;20144;;;;;20149;;;;;20154;20155;;;;
;;;;20164;20165;;;;;20170;;;;;20175;20176;;;;;20181;;;;;20186;20187;;;;
;;;;20196;20197;;;;;20202;;;;;20207;20208;;;;;20213;;;;;20218;20219;;;;
;;;;20228;20229;;;;;20234;;;;;20239;20240;;;;;20245;;;;;20250;20251;;;;
;;;;20260;20261;;;;;20266;;;;;20271;20272;;;;;20277;;;;;20282;20283;;;;
;;;;;;;;;;20298;;;;;;;;;;;20309;;;;;;;;;;
;;;;;;;;;;20330;;;;;;;;;;;20341;;;;;;;;;;
;;;;;;;;;;20362;;;;;;;;;;;20373;;;;;;;;;;
;;;;;;;;;;20394;;;;;;;;;;;20405;;;;;;;;;;
;;;;;;;;;;;;;;;;;;;;;;;;;;;;;;;
;;;;;;;;;;;;;;;;;;;;;;;;;;;;;;;
;;;;;;;;;;;;;;;;;;;;;;;;;;;;;;;
;;;55;56;57;;;;;;;;;;;;;;;;;;;;;;;;;;
;;;52;53;54;;;;;;;;;;;;;;;;;;;;;;;;;;
;;;49;50;51;;;;;;;;;;;;;;;;;;;;;;;;;;
;;;;;;;;;;;;;;;;;;;;;;;;;;;;;;;
;;;;;;;;;;;;;;;;;;;;;;;;;;;;;;;
;;;57;0;1;2;3;;;;;;;;;;;;;;;;;;;;;;;;
;;;56;-1;;;;;;;;;;;;;;;;;;;;;;;;;;;
;;;55;-2;;;;;;;;;;;;;;;;;;;;;;;;;;;
;;;54;-3;;;;;;;;;;;;;;;;;;;;;;;;;;;
;;;53;-4;;;;;;;;;;;;;;;;;;;;;;;;;;;
;;;52;-5;;;;;;;;;;;;;;;;;;;;;;;;;;;
;;;51;-6;;;;;;;;;;;;;;;;;;;;;;;;;;;
;;;50;-7;;;;;;;;;;;;;;;;;;;;;;;;;;;
;;;49;-8;;;;;;;;;;;;;;;;;;;;;;;;;;;
